TrueLabel,PredictedLabel,PredictedProbabilities
0,0,0.04471642
0,0,0.3460037
0,0,0.4923478
0,0,0.39812604
0,0,0.23977919
0,0,0.30160883
0,0,0.4571884
0,0,0.083647996
0,0,0.2970622
0,0,0.37120306
0,0,0.45697582
0,0,0.3362001
0,0,0.22711045
0,0,0.41426304
1,1,0.91359454
1,1,0.6124173
1,1,0.893841
1,1,0.7433152
1,1,0.75914353
1,1,0.84240985
1,0,0.296659
1,0,0.32231393
1,1,0.6459265
1,1,0.81783557
